keys,plain,halfmc,allmc,cpg
AA,-6.289947478,-6.3061154811,-6.3345383184,-6.3111505519
AC,-4.7845175863,-4.9283169819,-5.0148127471,-4.782037894
AG,-6.3667953843,-4.5357992876,-4.6761700186,-6.4320461183
AT,-4.6417555113,-6.04041361,-6.1078658748,-6.1095045448
CA,-5.989978224,-5.6263668952,-5.6145112803,-4.8901833501
CC,-5.4398979305,-5.4894836715,-5.540200475,-5.4280964678
CG,-5.0225574232,-5.2101168984,-5.3104123834,-5.147486658
CT,-5.5440290507,-5.5522281794,-5.5671648909,-5.5625092132
GA,-4.4993528045,-4.5993396238,-4.693732395,-4.4890819592
GC,-5.0985664987,-5.0719658621,-5.1512586515,-5.0705515803
GG,-4.5287395528,-4.6026216165,-4.6713846571,-4.5470536131
GT,-5.211319772,-5.2721772709,-5.2645193084,-5.231244176
TA,-5.9012361125,-5.9970641348,-6.0864460105,-5.9418055411
TC,-5.4232350586,-5.5126111752,-5.5335855306,-5.4720672637
TG,-4.9269875129,-6.4200244193,-4.604674564,-5.2019498876
TT,-5.8175301779,-5.832964911,-5.9213454854,-5.7761446745
