kmer,AllmC,HalfmC,CpGmC,PlainDNA
AC,1.0135056329,1.012499608,1.0038246818,0.9712090701
CA,0.974081677,0.9772622109,0.9840002573,0.9505367298
CC,0.9368741482,0.953243008,1.001994879,0.981891504
CG,1.0162210689,1.0025391358,1.0531760793,0.9615353076
CT,0.9812168401,1.0096932699,1.0240090747,1.0298376834
GC,1.0501486059,1.0748221176,1.1596442559,1.0380132763
