AllmC_bound,HalfmC_bound,CpGmC_bound,PlainDNA_bound,AllmC_unbound,HalfmC_unbound,CpGmC_unbound,PlainDNA_unbound,kmer
7.59E-06,4.21E-06,2.53E-06,3.60E-06,1.11E-05,4.43E-06,4.58E-06,3.07E-06,AAAAAAAAA
2.00E-05,9.90E-06,6.56E-06,8.72E-06,3.44E-05,1.34E-05,1.63E-05,8.64E-06,AAAAAAAA
6.57E-05,3.08E-05,2.56E-05,2.95E-05,0.0001170104,5.37E-05,6.84E-05,3.45E-05,AAAAAAA
2.95E-04,1.56E-04,1.42E-04,0.0001598888,0.0004735926,2.77E-04,3.48E-04,1.87E-04,AAAAAA
1.66E-03,1.02E-03,9.71E-04,0.0010581072,0.0023423777,1.62E-03,1.92E-03,1.16E-03,AAAAA
