Astretch_length,AllmC_ratio,HalfmC_ratio,CpGmC_ratio,PlainDNA_ratio
9,0.6837837838,0.9503386005,0.5524017467,1.1726384365
8,0.5813953488,0.7388059701,0.4024539877,1.0092592593
7,0.5614885514,0.573556797,0.3742690058,0.8550724638
6,0.6228982463,0.5631768953,0.408045977,0.8550203209
5,0.7086816101,0.6296296296,0.5057291667,0.9121613793
