polymerase,dNTP,base,count,fraction
NEB,Agilent,A,113643745,0.2236667573
NEB,Agilent,C,100557609,0.1979114146
NEB,Agilent,G,149697838,0.2946262463
NEB,Agilent,T,144194842,0.2837955818
NEB,methylC,A,61392035,0.2193943541
NEB,methylC,C,54852216,0.1960232545
NEB,methylC,G,84166701,0.3007833019
NEB,methylC,T,79414093,0.2837990895
NEB,Kapa,A,52727623,0.2179894221
NEB,Kapa,C,47953580,0.1982523125
NEB,Kapa,G,73235851,0.3027756596
NEB,Kapa,T,67964513,0.2809826058
NEB,Thermo,A,89207075,0.2163597212
NEB,Thermo,C,83395881,0.2022654544
NEB,Thermo,G,125535138,0.3044685352
NEB,Thermo,T,114170974,0.2769062891
ThermoFisher,Agilent,A,83864028,0.2250139793
ThermoFisher,Agilent,C,71752989,0.1925190808
ThermoFisher,Agilent,G,108383769,0.2908024303
ThermoFisher,Agilent,T,108705071,0.2916645096
ThermoFisher,methylC,A,95102510,0.2248711433
ThermoFisher,methylC,C,81776603,0.1933618599
ThermoFisher,methylC,G,122961671,0.2907444981
ThermoFisher,methylC,T,123079243,0.2910224987
ThermoFisher,Kapa,A,68260240,0.2147354476
ThermoFisher,Kapa,C,64669588,0.2034398491
ThermoFisher,Kapa,G,98595288,0.3101645013
ThermoFisher,Kapa,T,86355517,0.2716602021
ThermoFisher,Thermo,A,29015193,0.2153985039
ThermoFisher,Thermo,C,26863267,0.1994233683
ThermoFisher,Thermo,G,41229161,0.3060706712
ThermoFisher,Thermo,T,37597089,0.2791074566
