keys,plain,halfmc,allmc,cpg
AA,1,1,1,1
AC,0.6857641184,0.4513723669,0.4766285161,0.5694784375
AG,0.7963510863,0.8717756872,0.8845714376,0.8588056414
AT,0.0825734241,0.329097864,0.4842201387,0.0717956462
CA,0.055614023,0.312330047,0.5088115182,0.0691866187
CC,1.0144258666,1.5148491848,1.6573697817,1.1369934585
CG,0.4392128941,0.2434694331,0.2562756262,0.2620778428
CT,1.1879974806,1.1825238049,1.1301719514,1.0342495461
GA,0.9116318908,0.9245628839,0.9436384542,0.9004684871
GC,0.5781841903,0.9243674196,1.2212785966,0.5896043375
GG,0.8485893268,1.2941997276,1.3584321986,0.9276622826
GT,0.5781674987,0.4878836094,0.4953219962,0.6290769895
TA,0.8626602958,0.8936888535,0.8475338083,0.8889508012
TC,0.8107370953,0.9962227069,0.9237038556,0.8198539059
TG,0.0849833854,0.2237012251,0.375138188,0.0913987811
TT,0.9143162338,1.0382305992,1.052875826,0.9012128748
