keys,plain,halfmc,allmc,cpg
AA,0.1512171279,0.3431853313,0.3530601357,0.2658975635
AC,0.1036992804,0.1549043753,0.1682785285,0.151422929
AG,0.1204219241,0.299180628,0.3123069118,0.2283543275
AT,0.012486516,0.1129415595,0.1709588279,0.0190902874
CA,0.0084097928,0.1071870906,0.1796410636,0.0183965533
CC,0.153398566,0.5198740194,0.5851512,0.3023237903
CG,0.0664165124,0.0835551381,0.0904807074,0.0696858598
CT,0.179645567,0.4058248238,0.3990186625,0.2750044343
GA,0.1378543562,0.3172964196,0.3331611207,0.2394323767
GC,0.0874313527,0.3172293391,0.431184787,0.1567743567
GG,0.1283212408,0.4441503623,0.4796082563,0.2466631407
GT,0.0874288286,0.1674344981,0.1748784512,0.1672700387
TA,0.1304490123,0.3067009053,0.2992304013,0.2363698521
TC,0.122597335,0.3418890197,0.3261230086,0.217997156
TG,0.0128509435,0.0767709791,0.1324463395,0.0243027132
TT,0.1382602749,0.3563055122,0.371728482,0.2396303076
